id;title;description;phase_type
1;Tools Bedfordshire;../fake-data/blob/hipster.txt;OBSERVATIONS
2;Square;../fake-data/blob/hipster.txt;DISCUSSIONS
3;Programmable azure;../fake-data/blob/hipster.txt;SUBMISSION
4;Berkshire paradigm;../fake-data/blob/hipster.txt;DISCUSSIONS
5;blue functionalities XSS;../fake-data/blob/hipster.txt;DISCUSSIONS
6;bypassing;../fake-data/blob/hipster.txt;OBSERVATIONS
7;actuating leading edge vertical;../fake-data/blob/hipster.txt;SUBMISSION
8;French Polynesia Suriname;../fake-data/blob/hipster.txt;OBSERVATIONS
9;withdrawal Shore;../fake-data/blob/hipster.txt;OBSERVATIONS
10;El Salvador Colon US Dollar tan;../fake-data/blob/hipster.txt;OBSERVATIONS
