id;jhi_index;full_name_arabic;phone
1;Bedfordshire indigo radical;GB whiteboard;833.398.2141 x95272
2;bypassing Orchestrator;cross-platform connect Refined;1-410-742-9413 x9526
3;New Hampshire virtual Shoes;multi-byte open-source;1-235-300-7872
4;generate Executive;Handcrafted Fresh Chair Iran Intranet;1-997-501-6731 x776
5;revolutionary Glens synthesizing;dedicated Sports Credit Card Account;874-797-0999
6;Savings Account;Investment Account;437-485-3396 x18421
7;Keyboard;installation deploy Interactions;(176) 248-3606 x970
8;Regional;Illinois Money Market Account circuit;(725) 904-7383 x69581
9;Functionality navigating;Ferry Distributed Grass-roots;714.605.4177 x5342
10;Books Ridges Gorgeous Fresh Fish;Sleek Steel Chair withdrawal;478-391-0829 x95204
